{
    "total_return": 0.5943849028451089,
    "sharpe_ratio": 1.1461239299338801,
    "max_drawdown": -0.19985204999981254,
    "win_rate": 62.5,
    "total_trades": 8
}