{
    "total_return": 3.5005138297640657,
    "sharpe_ratio": 2.0869360756949797,
    "max_drawdown": -0.20876635403873167,
    "win_rate": 85.71428571428571,
    "total_trades": 7
}