{
    "total_return": 1.2177758868428923,
    "sharpe_ratio": 1.3288682705917183,
    "max_drawdown": -0.23784675167068492,
    "win_rate": 66.66666666666666,
    "total_trades": 12
}