{
    "total_return": 0.8690457289070938,
    "sharpe_ratio": 1.2071258662433644,
    "max_drawdown": -0.23764926467276337,
    "win_rate": 66.66666666666666,
    "total_trades": 9
}